[{"continent":"Asia","location":"Afghanistan","population":38928341,"population_density":54.422,"median_age":18.6,"aged_65_older":2.581,"aged_70_older":1.337,"gdp_per_capita":1803.987,"cardiovasc_death_rate":597.029,"diabetes_prevalence":9.59,"handwashing_facilities":37.746,"hospital_beds_per_thousand":0.5,"life_expectancy":64.83,"human_development_index":0.498},{"continent":"Europe","location":"Albania","population":2877800,"population_density":104.871,"median_age":38,"aged_65_older":13.188,"aged_70_older":8.643,"gdp_per_capita":11803.431,"extreme_poverty":1.1,"cardiovasc_death_rate":304.195,"diabetes_prevalence":10.08,"female_smokers":7.1,"male_smokers":51.2,"hospital_beds_per_thousand":2.89,"life_expectancy":78.57,"human_development_index":0.785},{"continent":"Africa","location":"Algeria","population":43851043,"population_density":17.348,"median_age":29.1,"aged_65_older":6.211,"aged_70_older":3.857,"gdp_per_capita":13913.839,"extreme_poverty":0.5,"cardiovasc_death_rate":278.364,"diabetes_prevalence":6.73,"female_smokers":0.7,"male_smokers":30.4,"handwashing_facilities":83.741,"hospital_beds_per_thousand":1.9,"life_expectancy":76.88,"human_development_index":0.754},{"continent":"Europe","location":"Andorra","population":77265,"population_density":163.755,"cardiovasc_death_rate":109.135,"diabetes_prevalence":7.97,"female_smokers":29,"male_smokers":37.8,"life_expectancy":83.73,"human_development_index":0.858},{"continent":"Africa","location":"Angola","population":32866268,"population_density":23.89,"median_age":16.8,"aged_65_older":2.405,"aged_70_older":1.362,"gdp_per_capita":5819.495,"cardiovasc_death_rate":276.045,"diabetes_prevalence":3.94,"handwashing_facilities":26.664,"life_expectancy":61.15,"human_development_index":0.581},{"continent":"North America","location":"Antigua and Barbuda","population":97928,"population_density":231.845,"median_age":32.1,"aged_65_older":6.933,"aged_70_older":4.631,"gdp_per_capita":21490.943,"cardiovasc_death_rate":191.511,"diabetes_prevalence":13.17,"hospital_beds_per_thousand":3.8,"life_expectancy":77.02,"human_development_index":0.78},{"continent":"South America","location":"Argentina","population":45195777,"population_density":16.177,"median_age":31.9,"aged_65_older":11.198,"aged_70_older":7.441,"gdp_per_capita":18933.907,"extreme_poverty":0.6,"cardiovasc_death_rate":191.032,"diabetes_prevalence":5.5,"female_smokers":16.2,"male_smokers":27.7,"hospital_beds_per_thousand":5,"life_expectancy":76.67,"human_development_index":0.825},{"continent":"Asia","location":"Armenia","population":2963234,"population_density":102.931,"median_age":35.7,"aged_65_older":11.232,"aged_70_older":7.571,"gdp_per_capita":8787.58,"extreme_poverty":1.8,"cardiovasc_death_rate":341.01,"diabetes_prevalence":7.11,"female_smokers":1.5,"male_smokers":52.1,"handwashing_facilities":94.043,"hospital_beds_per_thousand":4.2,"life_expectancy":75.09,"human_development_index":0.755},{"continent":"Oceania","location":"Australia","population":25499881,"population_density":3.202,"median_age":37.9,"aged_65_older":15.504,"aged_70_older":10.129,"gdp_per_capita":44648.71,"extreme_poverty":0.5,"cardiovasc_death_rate":107.791,"diabetes_prevalence":5.07,"female_smokers":13,"male_smokers":16.5,"hospital_beds_per_thousand":3.84,"life_expectancy":83.44,"human_development_index":0.939},{"continent":"Europe","location":"Austria","population":9006400,"population_density":106.749,"median_age":44.4,"aged_65_older":19.202,"aged_70_older":13.748,"gdp_per_capita":45436.686,"extreme_poverty":0.7,"cardiovasc_death_rate":145.183,"diabetes_prevalence":6.35,"female_smokers":28.4,"male_smokers":30.9,"hospital_beds_per_thousand":7.37,"life_expectancy":81.54,"human_development_index":0.908},{"continent":"Asia","location":"Azerbaijan","population":10139175,"population_density":119.309,"median_age":32.4,"aged_65_older":6.018,"aged_70_older":3.871,"gdp_per_capita":15847.419,"cardiovasc_death_rate":559.812,"diabetes_prevalence":7.11,"female_smokers":0.3,"male_smokers":42.5,"handwashing_facilities":83.241,"hospital_beds_per_thousand":4.7,"life_expectancy":73,"human_development_index":0.757},{"continent":"North America","location":"Bahamas","population":393248,"population_density":39.497,"median_age":34.3,"aged_65_older":8.996,"aged_70_older":5.2,"gdp_per_capita":27717.847,"cardiovasc_death_rate":235.954,"diabetes_prevalence":13.17,"female_smokers":3.1,"male_smokers":20.4,"hospital_beds_per_thousand":2.9,"life_expectancy":73.92,"human_development_index":0.807},{"continent":"Asia","location":"Bahrain","population":1701583,"population_density":1935.907,"median_age":32.4,"aged_65_older":2.372,"aged_70_older":1.387,"gdp_per_capita":43290.705,"cardiovasc_death_rate":151.689,"diabetes_prevalence":16.52,"female_smokers":5.8,"male_smokers":37.6,"hospital_beds_per_thousand":2,"life_expectancy":77.29,"human_development_index":0.846},{"continent":"Asia","location":"Bangladesh","population":164689383,"population_density":1265.036,"median_age":27.5,"aged_65_older":5.098,"aged_70_older":3.262,"gdp_per_capita":3523.984,"extreme_poverty":14.8,"cardiovasc_death_rate":298.003,"diabetes_prevalence":8.38,"female_smokers":1,"male_smokers":44.7,"handwashing_facilities":34.808,"hospital_beds_per_thousand":0.8,"life_expectancy":72.59,"human_development_index":0.608},{"continent":"North America","location":"Barbados","population":287371,"population_density":664.463,"median_age":39.8,"aged_65_older":14.952,"aged_70_older":9.473,"gdp_per_capita":16978.068,"cardiovasc_death_rate":170.05,"diabetes_prevalence":13.57,"female_smokers":1.9,"male_smokers":14.5,"handwashing_facilities":88.469,"hospital_beds_per_thousand":5.8,"life_expectancy":79.19,"human_development_index":0.8},{"continent":"Europe","location":"Belarus","population":9449321,"population_density":46.858,"median_age":40.3,"aged_65_older":14.799,"aged_70_older":9.788,"gdp_per_capita":17167.967,"cardiovasc_death_rate":443.129,"diabetes_prevalence":5.18,"female_smokers":10.5,"male_smokers":46.1,"hospital_beds_per_thousand":11,"life_expectancy":74.79,"human_development_index":0.808},{"continent":"Europe","location":"Belgium","population":11589616,"population_density":375.564,"median_age":41.8,"aged_65_older":18.571,"aged_70_older":12.849,"gdp_per_capita":42658.576,"extreme_poverty":0.2,"cardiovasc_death_rate":114.898,"diabetes_prevalence":4.29,"female_smokers":25.1,"male_smokers":31.4,"hospital_beds_per_thousand":5.64,"life_expectancy":81.63,"human_development_index":0.916},{"continent":"North America","location":"Belize","population":397621,"population_density":16.426,"median_age":25,"aged_65_older":3.853,"aged_70_older":2.279,"gdp_per_capita":7824.362,"cardiovasc_death_rate":176.957,"diabetes_prevalence":17.11,"handwashing_facilities":90.083,"hospital_beds_per_thousand":1.3,"life_expectancy":74.62,"human_development_index":0.708},{"continent":"Africa","location":"Benin","population":12123198,"population_density":99.11,"median_age":18.8,"aged_65_older":3.244,"aged_70_older":1.942,"gdp_per_capita":2064.236,"extreme_poverty":49.6,"cardiovasc_death_rate":235.848,"diabetes_prevalence":0.99,"female_smokers":0.6,"male_smokers":12.3,"handwashing_facilities":11.035,"hospital_beds_per_thousand":0.5,"life_expectancy":61.77,"human_development_index":0.515},{"continent":"Asia","location":"Bhutan","population":771612,"population_density":21.188,"median_age":28.6,"aged_65_older":4.885,"aged_70_older":2.977,"gdp_per_capita":8708.597,"extreme_poverty":1.5,"cardiovasc_death_rate":217.066,"diabetes_prevalence":9.75,"handwashing_facilities":79.807,"hospital_beds_per_thousand":1.7,"life_expectancy":71.78,"human_development_index":0.612},{"continent":"South America","location":"Bolivia","population":11673029,"population_density":10.202,"median_age":25.4,"aged_65_older":6.704,"aged_70_older":4.393,"gdp_per_capita":6885.829,"extreme_poverty":7.1,"cardiovasc_death_rate":204.299,"diabetes_prevalence":6.89,"handwashing_facilities":25.383,"hospital_beds_per_thousand":1.1,"life_expectancy":71.51,"human_development_index":0.693},{"continent":"Europe","location":"Bosnia and Herzegovina","population":3280815,"population_density":68.496,"median_age":42.5,"aged_65_older":16.569,"aged_70_older":10.711,"gdp_per_capita":11713.895,"extreme_poverty":0.2,"cardiovasc_death_rate":329.635,"diabetes_prevalence":10.08,"female_smokers":30.2,"male_smokers":47.7,"handwashing_facilities":97.164,"hospital_beds_per_thousand":3.5,"life_expectancy":77.4,"human_development_index":0.768},{"continent":"Africa","location":"Botswana","population":2351625,"population_density":4.044,"median_age":25.8,"aged_65_older":3.941,"aged_70_older":2.242,"gdp_per_capita":15807.374,"cardiovasc_death_rate":237.372,"diabetes_prevalence":4.81,"female_smokers":5.7,"male_smokers":34.4,"hospital_beds_per_thousand":1.8,"life_expectancy":69.59,"human_development_index":0.717},{"continent":"South America","location":"Brazil","population":212559409,"population_density":25.04,"median_age":33.5,"aged_65_older":8.552,"aged_70_older":5.06,"gdp_per_capita":14103.452,"extreme_poverty":3.4,"cardiovasc_death_rate":177.961,"diabetes_prevalence":8.11,"female_smokers":10.1,"male_smokers":17.9,"hospital_beds_per_thousand":2.2,"life_expectancy":75.88,"human_development_index":0.759},{"continent":"Asia","location":"Brunei","population":437483,"population_density":81.347,"median_age":32.4,"aged_65_older":4.591,"aged_70_older":2.382,"gdp_per_capita":71809.251,"cardiovasc_death_rate":201.285,"diabetes_prevalence":12.79,"female_smokers":2,"male_smokers":30.9,"hospital_beds_per_thousand":2.7,"life_expectancy":75.86,"human_development_index":0.853},{"continent":"Europe","location":"Bulgaria","population":6948445,"population_density":65.18,"median_age":44.7,"aged_65_older":20.801,"aged_70_older":13.272,"gdp_per_capita":18563.307,"extreme_poverty":1.5,"cardiovasc_death_rate":424.688,"diabetes_prevalence":5.81,"female_smokers":30.1,"male_smokers":44.4,"hospital_beds_per_thousand":7.454,"life_expectancy":75.05,"human_development_index":0.813},{"continent":"Africa","location":"Burkina Faso","population":20903278,"population_density":70.151,"median_age":17.6,"aged_65_older":2.409,"aged_70_older":1.358,"gdp_per_capita":1703.102,"extreme_poverty":43.7,"cardiovasc_death_rate":269.048,"diabetes_prevalence":2.42,"female_smokers":1.6,"male_smokers":23.9,"handwashing_facilities":11.877,"hospital_beds_per_thousand":0.4,"life_expectancy":61.58,"human_development_index":0.423},{"continent":"Africa","location":"Burundi","population":11890781,"population_density":423.062,"median_age":17.5,"aged_65_older":2.562,"aged_70_older":1.504,"gdp_per_capita":702.225,"extreme_poverty":71.7,"cardiovasc_death_rate":293.068,"diabetes_prevalence":6.05,"handwashing_facilities":6.144,"hospital_beds_per_thousand":0.8,"life_expectancy":61.58,"human_development_index":0.417},{"continent":"Asia","location":"Cambodia","population":16718971,"population_density":90.672,"median_age":25.6,"aged_65_older":4.412,"aged_70_older":2.385,"gdp_per_capita":3645.07,"cardiovasc_death_rate":270.892,"diabetes_prevalence":4,"female_smokers":2,"male_smokers":33.7,"handwashing_facilities":66.229,"hospital_beds_per_thousand":0.8,"life_expectancy":69.82,"human_development_index":0.582},{"continent":"Africa","location":"Cameroon","population":26545864,"population_density":50.885,"median_age":18.8,"aged_65_older":3.165,"aged_70_older":1.919,"gdp_per_capita":3364.926,"extreme_poverty":23.8,"cardiovasc_death_rate":244.661,"diabetes_prevalence":7.2,"handwashing_facilities":2.735,"hospital_beds_per_thousand":1.3,"life_expectancy":59.29,"human_development_index":0.556},{"continent":"North America","location":"Canada","population":37742157,"population_density":4.037,"median_age":41.4,"aged_65_older":16.984,"aged_70_older":10.797,"gdp_per_capita":44017.591,"extreme_poverty":0.5,"cardiovasc_death_rate":105.599,"diabetes_prevalence":7.37,"female_smokers":12,"male_smokers":16.6,"hospital_beds_per_thousand":2.5,"life_expectancy":82.43,"human_development_index":0.926},{"continent":"Africa","location":"Cape Verde","population":555988,"population_density":135.58,"median_age":25.7,"aged_65_older":4.46,"aged_70_older":3.437,"gdp_per_capita":6222.554,"cardiovasc_death_rate":182.219,"diabetes_prevalence":2.42,"female_smokers":2.1,"male_smokers":16.5,"hospital_beds_per_thousand":2.1,"life_expectancy":72.98,"human_development_index":0.654},{"continent":"Africa","location":"Central African Republic","population":4829764,"population_density":7.479,"median_age":18.3,"aged_65_older":3.655,"aged_70_older":2.251,"gdp_per_capita":661.24,"cardiovasc_death_rate":435.727,"diabetes_prevalence":6.1,"handwashing_facilities":16.603,"hospital_beds_per_thousand":1,"life_expectancy":53.28,"human_development_index":0.367},{"continent":"Africa","location":"Chad","population":16425859,"population_density":11.833,"median_age":16.7,"aged_65_older":2.486,"aged_70_older":1.446,"gdp_per_capita":1768.153,"extreme_poverty":38.4,"cardiovasc_death_rate":280.995,"diabetes_prevalence":6.1,"handwashing_facilities":5.818,"life_expectancy":54.24,"human_development_index":0.404},{"continent":"South America","location":"Chile","population":19116209,"population_density":24.282,"median_age":35.4,"aged_65_older":11.087,"aged_70_older":6.938,"gdp_per_capita":22767.037,"extreme_poverty":1.3,"cardiovasc_death_rate":127.993,"diabetes_prevalence":8.46,"female_smokers":34.2,"male_smokers":41.5,"hospital_beds_per_thousand":2.11,"life_expectancy":80.18,"human_development_index":0.843},{"continent":"Asia","location":"China","population":1439323774,"population_density":147.674,"median_age":38.7,"aged_65_older":10.641,"aged_70_older":5.929,"gdp_per_capita":15308.712,"extreme_poverty":0.7,"cardiovasc_death_rate":261.899,"diabetes_prevalence":9.74,"female_smokers":1.9,"male_smokers":48.4,"hospital_beds_per_thousand":4.34,"life_expectancy":76.91,"human_development_index":0.752},{"continent":"South America","location":"Colombia","population":50882884,"population_density":44.223,"median_age":32.2,"aged_65_older":7.646,"aged_70_older":4.312,"gdp_per_capita":13254.949,"extreme_poverty":4.5,"cardiovasc_death_rate":124.24,"diabetes_prevalence":7.44,"female_smokers":4.7,"male_smokers":13.5,"handwashing_facilities":65.386,"hospital_beds_per_thousand":1.71,"life_expectancy":77.29,"human_development_index":0.747},{"continent":"Africa","location":"Comoros","population":869595,"population_density":437.352,"median_age":20.4,"aged_65_older":2.963,"aged_70_older":1.726,"gdp_per_capita":1413.89,"extreme_poverty":18.1,"cardiovasc_death_rate":261.516,"diabetes_prevalence":11.88,"female_smokers":4.4,"male_smokers":23.6,"handwashing_facilities":15.574,"hospital_beds_per_thousand":2.2,"life_expectancy":64.32,"human_development_index":0.503},{"continent":"Africa","location":"Congo","population":5518092,"population_density":15.405,"median_age":19,"aged_65_older":3.402,"aged_70_older":2.063,"gdp_per_capita":4881.406,"extreme_poverty":37,"cardiovasc_death_rate":344.094,"diabetes_prevalence":7.2,"female_smokers":1.7,"male_smokers":52.3,"handwashing_facilities":47.964,"life_expectancy":64.57,"human_development_index":0.606},{"continent":"North America","location":"Costa Rica","population":5094114,"population_density":96.079,"median_age":33.6,"aged_65_older":9.468,"aged_70_older":5.694,"gdp_per_capita":15524.995,"extreme_poverty":1.3,"cardiovasc_death_rate":137.973,"diabetes_prevalence":8.78,"female_smokers":6.4,"male_smokers":17.4,"handwashing_facilities":83.841,"hospital_beds_per_thousand":1.13,"life_expectancy":80.28,"human_development_index":0.794},{"continent":"Africa","location":"Cote d'Ivoire","population":26378275,"population_density":76.399,"median_age":18.7,"aged_65_older":2.933,"aged_70_older":1.582,"gdp_per_capita":3601.006,"extreme_poverty":28.2,"cardiovasc_death_rate":303.74,"diabetes_prevalence":2.42,"handwashing_facilities":19.351,"life_expectancy":57.78,"human_development_index":0.492},{"continent":"Europe","location":"Croatia","population":4105268,"population_density":73.726,"median_age":44,"aged_65_older":19.724,"aged_70_older":13.053,"gdp_per_capita":22669.797,"extreme_poverty":0.7,"cardiovasc_death_rate":253.782,"diabetes_prevalence":5.59,"female_smokers":34.3,"male_smokers":39.9,"hospital_beds_per_thousand":5.54,"life_expectancy":78.49,"human_development_index":0.831},{"continent":"North America","location":"Cuba","population":11326616,"population_density":110.408,"median_age":43.1,"aged_65_older":14.738,"aged_70_older":9.719,"cardiovasc_death_rate":190.968,"diabetes_prevalence":8.27,"female_smokers":17.1,"male_smokers":53.3,"handwashing_facilities":85.198,"hospital_beds_per_thousand":5.2,"life_expectancy":78.8,"human_development_index":0.777},{"continent":"Europe","location":"Cyprus","population":875899,"population_density":127.657,"median_age":37.3,"aged_65_older":13.416,"aged_70_older":8.563,"gdp_per_capita":32415.132,"cardiovasc_death_rate":141.171,"diabetes_prevalence":9.24,"female_smokers":19.6,"male_smokers":52.7,"hospital_beds_per_thousand":3.4,"life_expectancy":80.98,"human_development_index":0.869},{"continent":"Europe","location":"Czechia","population":10708982,"population_density":137.176,"median_age":43.3,"aged_65_older":19.027,"aged_70_older":11.58,"gdp_per_capita":32605.906,"cardiovasc_death_rate":227.485,"diabetes_prevalence":6.82,"female_smokers":30.5,"male_smokers":38.3,"hospital_beds_per_thousand":6.63,"life_expectancy":79.38,"human_development_index":0.888},{"continent":"Africa","location":"Democratic Republic of Congo","population":89561404,"population_density":35.879,"median_age":17,"aged_65_older":3.02,"aged_70_older":1.745,"gdp_per_capita":808.133,"extreme_poverty":77.1,"cardiovasc_death_rate":318.949,"diabetes_prevalence":6.1,"handwashing_facilities":4.472,"life_expectancy":60.68,"human_development_index":0.457},{"continent":"Europe","location":"Denmark","population":5792203,"population_density":136.52,"median_age":42.3,"aged_65_older":19.677,"aged_70_older":12.325,"gdp_per_capita":46682.515,"extreme_poverty":0.2,"cardiovasc_death_rate":114.767,"diabetes_prevalence":6.41,"female_smokers":19.3,"male_smokers":18.8,"hospital_beds_per_thousand":2.5,"life_expectancy":80.9,"human_development_index":0.929},{"continent":"Africa","location":"Djibouti","population":988002,"population_density":41.285,"median_age":25.4,"aged_65_older":4.213,"aged_70_older":2.38,"gdp_per_capita":2705.406,"extreme_poverty":22.5,"cardiovasc_death_rate":258.037,"diabetes_prevalence":6.05,"female_smokers":1.7,"male_smokers":24.5,"hospital_beds_per_thousand":1.4,"life_expectancy":67.11,"human_development_index":0.476},{"continent":"North America","location":"Dominica","population":71991,"population_density":98.567,"gdp_per_capita":9673.367,"cardiovasc_death_rate":227.376,"diabetes_prevalence":11.62,"hospital_beds_per_thousand":3.8,"life_expectancy":75,"human_development_index":0.715},{"continent":"North America","location":"Dominican Republic","population":10847904,"population_density":222.873,"median_age":27.6,"aged_65_older":6.981,"aged_70_older":4.419,"gdp_per_capita":14600.861,"extreme_poverty":1.6,"cardiovasc_death_rate":266.653,"diabetes_prevalence":8.2,"female_smokers":8.5,"male_smokers":19.1,"handwashing_facilities":55.182,"hospital_beds_per_thousand":1.6,"life_expectancy":74.08,"human_development_index":0.736},{"continent":"South America","location":"Ecuador","population":17643060,"population_density":66.939,"median_age":28.1,"aged_65_older":7.104,"aged_70_older":4.458,"gdp_per_capita":10581.936,"extreme_poverty":3.6,"cardiovasc_death_rate":140.448,"diabetes_prevalence":5.55,"female_smokers":2,"male_smokers":12.3,"handwashing_facilities":80.635,"hospital_beds_per_thousand":1.5,"life_expectancy":77.01,"human_development_index":0.752},{"continent":"Africa","location":"Egypt","population":102334403,"population_density":97.999,"median_age":25.3,"aged_65_older":5.159,"aged_70_older":2.891,"gdp_per_capita":10550.206,"extreme_poverty":1.3,"cardiovasc_death_rate":525.432,"diabetes_prevalence":17.31,"female_smokers":0.2,"male_smokers":50.1,"handwashing_facilities":89.827,"hospital_beds_per_thousand":1.6,"life_expectancy":71.99,"human_development_index":0.696},{"continent":"North America","location":"El Salvador","population":6486201,"population_density":307.811,"median_age":27.6,"aged_65_older":8.273,"aged_70_older":5.417,"gdp_per_capita":7292.458,"extreme_poverty":2.2,"cardiovasc_death_rate":167.295,"diabetes_prevalence":8.87,"female_smokers":2.5,"male_smokers":18.8,"handwashing_facilities":90.65,"hospital_beds_per_thousand":1.3,"life_expectancy":73.32,"human_development_index":0.674},{"continent":"Africa","location":"Equatorial Guinea","population":1402985,"population_density":45.194,"median_age":22.4,"aged_65_older":2.846,"aged_70_older":1.752,"gdp_per_capita":22604.873,"cardiovasc_death_rate":202.812,"diabetes_prevalence":7.78,"handwashing_facilities":24.64,"hospital_beds_per_thousand":2.1,"life_expectancy":58.74,"human_development_index":0.591},{"continent":"Africa","location":"Eritrea","population":3546427,"population_density":44.304,"median_age":19.3,"aged_65_older":3.607,"aged_70_older":2.171,"gdp_per_capita":1510.459,"cardiovasc_death_rate":311.11,"diabetes_prevalence":6.05,"female_smokers":0.2,"male_smokers":11.4,"hospital_beds_per_thousand":0.7,"life_expectancy":66.32,"human_development_index":0.44},{"continent":"Europe","location":"Estonia","population":1326539,"population_density":31.033,"median_age":42.7,"aged_65_older":19.452,"aged_70_older":13.491,"gdp_per_capita":29481.252,"extreme_poverty":0.5,"cardiovasc_death_rate":255.569,"diabetes_prevalence":4.02,"female_smokers":24.5,"male_smokers":39.3,"hospital_beds_per_thousand":4.69,"life_expectancy":78.74,"human_development_index":0.871},{"continent":"Africa","location":"Eswatini","population":1160164,"population_density":79.492,"median_age":21.5,"aged_65_older":3.163,"aged_70_older":1.845,"gdp_per_capita":7738.975,"cardiovasc_death_rate":333.436,"diabetes_prevalence":3.94,"female_smokers":1.7,"male_smokers":16.5,"handwashing_facilities":24.097,"hospital_beds_per_thousand":2.1,"life_expectancy":60.19,"human_development_index":0.588},{"continent":"Africa","location":"Ethiopia","population":114963583,"population_density":104.957,"median_age":19.8,"aged_65_older":3.526,"aged_70_older":2.063,"gdp_per_capita":1729.927,"extreme_poverty":26.7,"cardiovasc_death_rate":182.634,"diabetes_prevalence":7.47,"female_smokers":0.4,"male_smokers":8.5,"handwashing_facilities":7.96,"hospital_beds_per_thousand":0.3,"life_expectancy":66.6,"human_development_index":0.463},{"continent":"Oceania","location":"Fiji","population":896444,"population_density":49.562,"median_age":28.6,"aged_65_older":6.224,"aged_70_older":3.284,"gdp_per_capita":8702.975,"extreme_poverty":1.4,"cardiovasc_death_rate":412.82,"diabetes_prevalence":14.49,"female_smokers":10.2,"male_smokers":34.8,"hospital_beds_per_thousand":2.3,"life_expectancy":67.44,"human_development_index":0.741},{"continent":"Europe","location":"Finland","population":5540718,"population_density":18.136,"median_age":42.8,"aged_65_older":21.228,"aged_70_older":13.264,"gdp_per_capita":40585.721,"cardiovasc_death_rate":153.507,"diabetes_prevalence":5.76,"female_smokers":18.3,"male_smokers":22.6,"hospital_beds_per_thousand":3.28,"life_expectancy":81.91,"human_development_index":0.92},{"continent":"Europe","location":"France","population":65273512,"population_density":122.578,"median_age":42,"aged_65_older":19.718,"aged_70_older":13.079,"gdp_per_capita":38605.671,"cardiovasc_death_rate":86.06,"diabetes_prevalence":4.77,"female_smokers":30.1,"male_smokers":35.6,"hospital_beds_per_thousand":5.98,"life_expectancy":82.66,"human_development_index":0.901},{"continent":"Africa","location":"Gabon","population":2225728,"population_density":7.859,"median_age":23.1,"aged_65_older":4.45,"aged_70_older":2.976,"gdp_per_capita":16562.413,"extreme_poverty":3.4,"cardiovasc_death_rate":259.967,"diabetes_prevalence":7.2,"hospital_beds_per_thousand":6.3,"life_expectancy":66.47,"human_development_index":0.702},{"continent":"Africa","location":"Gambia","population":2416664,"population_density":207.566,"median_age":17.5,"aged_65_older":2.339,"aged_70_older":1.417,"gdp_per_capita":1561.767,"extreme_poverty":10.1,"cardiovasc_death_rate":331.43,"diabetes_prevalence":1.91,"female_smokers":0.7,"male_smokers":31.2,"handwashing_facilities":7.876,"hospital_beds_per_thousand":1.1,"life_expectancy":62.05,"human_development_index":0.46},{"continent":"Asia","location":"Georgia","population":3989175,"population_density":65.032,"median_age":38.7,"aged_65_older":14.864,"aged_70_older":10.244,"gdp_per_capita":9745.079,"extreme_poverty":4.2,"cardiovasc_death_rate":496.218,"diabetes_prevalence":7.11,"female_smokers":5.3,"male_smokers":55.5,"hospital_beds_per_thousand":2.6,"life_expectancy":73.77,"human_development_index":0.78},{"continent":"Europe","location":"Germany","population":83783945,"population_density":237.016,"median_age":46.6,"aged_65_older":21.453,"aged_70_older":15.957,"gdp_per_capita":45229.245,"cardiovasc_death_rate":156.139,"diabetes_prevalence":8.31,"female_smokers":28.2,"male_smokers":33.1,"hospital_beds_per_thousand":8,"life_expectancy":81.33,"human_development_index":0.936},{"continent":"Africa","location":"Ghana","population":31072945,"population_density":126.719,"median_age":21.1,"aged_65_older":3.385,"aged_70_older":1.948,"gdp_per_capita":4227.63,"extreme_poverty":12,"cardiovasc_death_rate":298.245,"diabetes_prevalence":4.97,"female_smokers":0.3,"male_smokers":7.7,"handwashing_facilities":41.047,"hospital_beds_per_thousand":0.9,"life_expectancy":64.07,"human_development_index":0.592},{"continent":"Europe","location":"Greece","population":10423056,"population_density":83.479,"median_age":45.3,"aged_65_older":20.396,"aged_70_older":14.524,"gdp_per_capita":24574.382,"extreme_poverty":1.5,"cardiovasc_death_rate":175.695,"diabetes_prevalence":4.55,"female_smokers":35.3,"male_smokers":52,"hospital_beds_per_thousand":4.21,"life_expectancy":82.24,"human_development_index":0.87},{"continent":"North America","location":"Grenada","population":112519,"population_density":317.132,"median_age":29.4,"aged_65_older":7.304,"aged_70_older":5.021,"gdp_per_capita":13593.877,"cardiovasc_death_rate":243.964,"diabetes_prevalence":10.71,"hospital_beds_per_thousand":3.7,"life_expectancy":72.4,"human_development_index":0.772},{"continent":"North America","location":"Guatemala","population":17915567,"population_density":157.834,"median_age":22.9,"aged_65_older":4.694,"aged_70_older":3.016,"gdp_per_capita":7423.808,"extreme_poverty":8.7,"cardiovasc_death_rate":155.898,"diabetes_prevalence":10.18,"handwashing_facilities":76.665,"hospital_beds_per_thousand":0.6,"life_expectancy":74.3,"human_development_index":0.65},{"continent":"Africa","location":"Guinea","population":13132792,"population_density":51.755,"median_age":19,"aged_65_older":3.135,"aged_70_older":1.733,"gdp_per_capita":1998.926,"extreme_poverty":35.3,"cardiovasc_death_rate":336.717,"diabetes_prevalence":2.42,"handwashing_facilities":17.45,"hospital_beds_per_thousand":0.3,"life_expectancy":61.6,"human_development_index":0.459},{"continent":"Africa","location":"Guinea-Bissau","population":1967998,"population_density":66.191,"median_age":19.4,"aged_65_older":3.002,"aged_70_older":1.565,"gdp_per_capita":1548.675,"extreme_poverty":67.1,"cardiovasc_death_rate":382.474,"diabetes_prevalence":2.42,"handwashing_facilities":6.403,"life_expectancy":58.32,"human_development_index":0.455},{"continent":"South America","location":"Guyana","population":786559,"population_density":3.952,"median_age":26.3,"aged_65_older":5.305,"aged_70_older":2.837,"gdp_per_capita":7435.047,"cardiovasc_death_rate":373.159,"diabetes_prevalence":11.62,"handwashing_facilities":77.159,"hospital_beds_per_thousand":1.6,"life_expectancy":69.91,"human_development_index":0.654},{"continent":"North America","location":"Haiti","population":11402533,"population_density":398.448,"median_age":24.3,"aged_65_older":4.8,"aged_70_older":2.954,"gdp_per_capita":1653.173,"extreme_poverty":23.5,"cardiovasc_death_rate":430.548,"diabetes_prevalence":6.65,"female_smokers":2.9,"male_smokers":23.1,"handwashing_facilities":22.863,"hospital_beds_per_thousand":0.7,"life_expectancy":64,"human_development_index":0.498},{"continent":"North America","location":"Honduras","population":9904608,"population_density":82.805,"median_age":24.9,"aged_65_older":4.652,"aged_70_older":2.883,"gdp_per_capita":4541.795,"extreme_poverty":16,"cardiovasc_death_rate":240.208,"diabetes_prevalence":7.21,"female_smokers":2,"handwashing_facilities":84.169,"hospital_beds_per_thousand":0.7,"life_expectancy":75.27,"human_development_index":0.617},{"continent":"Asia","location":"Hong Kong","population":7496988,"population_density":7039.714,"median_age":44.8,"aged_65_older":16.303,"aged_70_older":10.158,"gdp_per_capita":56054.92,"diabetes_prevalence":8.33,"life_expectancy":84.86,"human_development_index":0.933},{"continent":"Europe","location":"Hungary","population":9660350,"population_density":108.043,"median_age":43.4,"aged_65_older":18.577,"aged_70_older":11.976,"gdp_per_capita":26777.561,"extreme_poverty":0.5,"cardiovasc_death_rate":278.296,"diabetes_prevalence":7.55,"female_smokers":26.8,"male_smokers":34.8,"hospital_beds_per_thousand":7.02,"life_expectancy":76.88,"human_development_index":0.838},{"continent":"Europe","location":"Iceland","population":341250,"population_density":3.404,"median_age":37.3,"aged_65_older":14.431,"aged_70_older":9.207,"gdp_per_capita":46482.958,"extreme_poverty":0.2,"cardiovasc_death_rate":117.992,"diabetes_prevalence":5.31,"female_smokers":14.3,"male_smokers":15.2,"hospital_beds_per_thousand":2.91,"life_expectancy":82.99,"human_development_index":0.935},{"continent":"Asia","location":"India","population":1380004385,"population_density":450.419,"median_age":28.2,"aged_65_older":5.989,"aged_70_older":3.414,"gdp_per_capita":6426.674,"extreme_poverty":21.2,"cardiovasc_death_rate":282.28,"diabetes_prevalence":10.39,"female_smokers":1.9,"male_smokers":20.6,"handwashing_facilities":59.55,"hospital_beds_per_thousand":0.53,"life_expectancy":69.66,"human_development_index":0.64},{"continent":"Asia","location":"Indonesia","population":273523621,"population_density":145.725,"median_age":29.3,"aged_65_older":5.319,"aged_70_older":3.053,"gdp_per_capita":11188.744,"extreme_poverty":5.7,"cardiovasc_death_rate":342.864,"diabetes_prevalence":6.32,"female_smokers":2.8,"male_smokers":76.1,"handwashing_facilities":64.204,"hospital_beds_per_thousand":1.04,"life_expectancy":71.72,"human_development_index":0.694},{"continent":"Asia","location":"Iran","population":83992953,"population_density":49.831,"median_age":32.4,"aged_65_older":5.44,"aged_70_older":3.182,"gdp_per_capita":19082.62,"extreme_poverty":0.2,"cardiovasc_death_rate":270.308,"diabetes_prevalence":9.59,"female_smokers":0.8,"male_smokers":21.1,"hospital_beds_per_thousand":1.5,"life_expectancy":76.68,"human_development_index":0.798},{"continent":"Asia","location":"Iraq","population":40222503,"population_density":88.125,"median_age":20,"aged_65_older":3.186,"aged_70_older":1.957,"gdp_per_capita":15663.986,"extreme_poverty":2.5,"cardiovasc_death_rate":218.612,"diabetes_prevalence":8.83,"handwashing_facilities":94.576,"hospital_beds_per_thousand":1.4,"life_expectancy":70.6,"human_development_index":0.685},{"continent":"Europe","location":"Ireland","population":4937796,"population_density":69.874,"median_age":38.7,"aged_65_older":13.928,"aged_70_older":8.678,"gdp_per_capita":67335.293,"extreme_poverty":0.2,"cardiovasc_death_rate":126.459,"diabetes_prevalence":3.28,"female_smokers":23,"male_smokers":25.7,"hospital_beds_per_thousand":2.96,"life_expectancy":82.3,"human_development_index":0.938},{"continent":"Asia","location":"Israel","population":8655541,"population_density":402.606,"median_age":30.6,"aged_65_older":11.733,"aged_70_older":7.359,"gdp_per_capita":33132.32,"extreme_poverty":0.5,"cardiovasc_death_rate":93.32,"diabetes_prevalence":6.74,"female_smokers":15.4,"male_smokers":35.4,"hospital_beds_per_thousand":2.99,"life_expectancy":82.97,"human_development_index":0.903},{"continent":"Europe","location":"Italy","population":60461828,"population_density":205.859,"median_age":47.9,"aged_65_older":23.021,"aged_70_older":16.24,"gdp_per_capita":35220.084,"extreme_poverty":2,"cardiovasc_death_rate":113.151,"diabetes_prevalence":4.78,"female_smokers":19.8,"male_smokers":27.8,"hospital_beds_per_thousand":3.18,"life_expectancy":83.51,"human_development_index":0.88},{"continent":"North America","location":"Jamaica","population":2961161,"population_density":266.879,"median_age":31.4,"aged_65_older":9.684,"aged_70_older":6.39,"gdp_per_capita":8193.571,"cardiovasc_death_rate":206.537,"diabetes_prevalence":11.28,"female_smokers":5.3,"male_smokers":28.6,"handwashing_facilities":66.425,"hospital_beds_per_thousand":1.7,"life_expectancy":74.47,"human_development_index":0.732},{"continent":"Asia","location":"Japan","population":126476458,"population_density":347.778,"median_age":48.2,"aged_65_older":27.049,"aged_70_older":18.493,"gdp_per_capita":39002.223,"cardiovasc_death_rate":79.37,"diabetes_prevalence":5.72,"female_smokers":11.2,"male_smokers":33.7,"hospital_beds_per_thousand":13.05,"life_expectancy":84.63,"human_development_index":0.909},{"continent":"Asia","location":"Jordan","population":10203140,"population_density":109.285,"median_age":23.2,"aged_65_older":3.81,"aged_70_older":2.361,"gdp_per_capita":8337.49,"extreme_poverty":0.1,"cardiovasc_death_rate":208.257,"diabetes_prevalence":11.75,"hospital_beds_per_thousand":1.4,"life_expectancy":74.53,"human_development_index":0.735},{"continent":"Asia","location":"Kazakhstan","population":18776707,"population_density":6.681,"median_age":30.6,"aged_65_older":6.991,"aged_70_older":4.625,"gdp_per_capita":24055.588,"extreme_poverty":0.1,"cardiovasc_death_rate":466.792,"diabetes_prevalence":7.11,"female_smokers":7,"male_smokers":43.1,"handwashing_facilities":98.999,"hospital_beds_per_thousand":6.7,"life_expectancy":73.6,"human_development_index":0.8},{"continent":"Africa","location":"Kenya","population":53771300,"population_density":87.324,"median_age":20,"aged_65_older":2.686,"aged_70_older":1.528,"gdp_per_capita":2993.028,"extreme_poverty":36.8,"cardiovasc_death_rate":218.637,"diabetes_prevalence":2.92,"female_smokers":1.2,"male_smokers":20.4,"handwashing_facilities":24.651,"hospital_beds_per_thousand":1.4,"life_expectancy":66.7,"human_development_index":0.59},{"continent":"Europe","location":"Kosovo","population":1932774,"population_density":168.155,"gdp_per_capita":9795.834,"extreme_poverty":0.6},{"continent":"Asia","location":"Kuwait","population":4270563,"population_density":232.128,"median_age":33.7,"aged_65_older":2.345,"aged_70_older":1.114,"gdp_per_capita":65530.537,"cardiovasc_death_rate":132.235,"diabetes_prevalence":15.84,"female_smokers":2.7,"male_smokers":37,"hospital_beds_per_thousand":2,"life_expectancy":75.49,"human_development_index":0.803},{"continent":"Asia","location":"Kyrgyzstan","population":6524191,"population_density":32.333,"median_age":26.3,"aged_65_older":4.489,"aged_70_older":2.882,"gdp_per_capita":3393.474,"extreme_poverty":1.4,"cardiovasc_death_rate":436.362,"diabetes_prevalence":7.11,"female_smokers":3.6,"male_smokers":50.5,"handwashing_facilities":89.22,"hospital_beds_per_thousand":4.5,"life_expectancy":71.45,"human_development_index":0.672},{"continent":"Asia","location":"Laos","population":7275556,"population_density":29.715,"median_age":24.4,"aged_65_older":4.029,"aged_70_older":2.322,"gdp_per_capita":6397.36,"extreme_poverty":22.7,"cardiovasc_death_rate":368.111,"diabetes_prevalence":4,"female_smokers":7.3,"male_smokers":51.2,"handwashing_facilities":49.839,"hospital_beds_per_thousand":1.5,"life_expectancy":67.92,"human_development_index":0.601},{"continent":"Europe","location":"Latvia","population":1886202,"population_density":31.212,"median_age":43.9,"aged_65_older":19.754,"aged_70_older":14.136,"gdp_per_capita":25063.846,"extreme_poverty":0.7,"cardiovasc_death_rate":350.06,"diabetes_prevalence":4.91,"female_smokers":25.6,"male_smokers":51,"hospital_beds_per_thousand":5.57,"life_expectancy":75.29,"human_development_index":0.847},{"continent":"Asia","location":"Lebanon","population":6825442,"population_density":594.561,"median_age":31.1,"aged_65_older":8.514,"aged_70_older":5.43,"gdp_per_capita":13367.565,"cardiovasc_death_rate":266.591,"diabetes_prevalence":12.71,"female_smokers":26.9,"male_smokers":40.7,"hospital_beds_per_thousand":2.9,"life_expectancy":78.93,"human_development_index":0.757},{"continent":"Africa","location":"Lesotho","population":2142252,"population_density":73.562,"median_age":22.2,"aged_65_older":4.506,"aged_70_older":2.647,"gdp_per_capita":2851.153,"extreme_poverty":59.6,"cardiovasc_death_rate":405.126,"diabetes_prevalence":3.94,"female_smokers":0.4,"male_smokers":53.9,"handwashing_facilities":2.117,"life_expectancy":54.33,"human_development_index":0.52},{"continent":"Africa","location":"Liberia","population":5057677,"population_density":49.127,"median_age":19.2,"aged_65_older":3.057,"aged_70_older":1.756,"gdp_per_capita":752.788,"extreme_poverty":38.6,"cardiovasc_death_rate":272.509,"diabetes_prevalence":2.42,"female_smokers":1.5,"male_smokers":18.1,"handwashing_facilities":1.188,"hospital_beds_per_thousand":0.8,"life_expectancy":64.1,"human_development_index":0.435},{"continent":"Africa","location":"Libya","population":6871287,"population_density":3.623,"median_age":29,"aged_65_older":4.424,"aged_70_older":2.816,"gdp_per_capita":17881.509,"cardiovasc_death_rate":341.862,"diabetes_prevalence":10.43,"hospital_beds_per_thousand":3.7,"life_expectancy":72.91,"human_development_index":0.706},{"continent":"Europe","location":"Liechtenstein","population":38137,"population_density":237.012,"diabetes_prevalence":7.77,"hospital_beds_per_thousand":2.397,"life_expectancy":82.49,"human_development_index":0.916},{"continent":"Europe","location":"Lithuania","population":2722291,"population_density":45.135,"median_age":43.5,"aged_65_older":19.002,"aged_70_older":13.778,"gdp_per_capita":29524.265,"extreme_poverty":0.7,"cardiovasc_death_rate":342.989,"diabetes_prevalence":3.67,"female_smokers":21.3,"male_smokers":38,"hospital_beds_per_thousand":6.56,"life_expectancy":75.93,"human_development_index":0.858},{"continent":"Europe","location":"Luxembourg","population":625976,"population_density":231.447,"median_age":39.7,"aged_65_older":14.312,"aged_70_older":9.842,"gdp_per_capita":94277.965,"extreme_poverty":0.2,"cardiovasc_death_rate":128.275,"diabetes_prevalence":4.42,"female_smokers":20.9,"male_smokers":26,"hospital_beds_per_thousand":4.51,"life_expectancy":82.25,"human_development_index":0.904},{"continent":"Africa","location":"Madagascar","population":27691019,"population_density":43.951,"median_age":19.6,"aged_65_older":2.929,"aged_70_older":1.686,"gdp_per_capita":1416.44,"extreme_poverty":77.6,"cardiovasc_death_rate":405.994,"diabetes_prevalence":3.94,"handwashing_facilities":50.54,"hospital_beds_per_thousand":0.2,"life_expectancy":67.04,"human_development_index":0.519},{"continent":"Africa","location":"Malawi","population":19129955,"population_density":197.519,"median_age":18.1,"aged_65_older":2.979,"aged_70_older":1.783,"gdp_per_capita":1095.042,"extreme_poverty":71.4,"cardiovasc_death_rate":227.349,"diabetes_prevalence":3.94,"female_smokers":4.4,"male_smokers":24.7,"handwashing_facilities":8.704,"hospital_beds_per_thousand":1.3,"life_expectancy":64.26,"human_development_index":0.477},{"continent":"Asia","location":"Malaysia","population":32365998,"population_density":96.254,"median_age":29.9,"aged_65_older":6.293,"aged_70_older":3.407,"gdp_per_capita":26808.164,"extreme_poverty":0.1,"cardiovasc_death_rate":260.942,"diabetes_prevalence":16.74,"female_smokers":1,"male_smokers":42.4,"hospital_beds_per_thousand":1.9,"life_expectancy":76.16,"human_development_index":0.802},{"continent":"Asia","location":"Maldives","population":540542,"population_density":1454.433,"median_age":30.6,"aged_65_older":4.12,"aged_70_older":2.875,"gdp_per_capita":15183.616,"cardiovasc_death_rate":164.905,"diabetes_prevalence":9.19,"female_smokers":2.1,"male_smokers":55,"handwashing_facilities":95.803,"life_expectancy":78.92,"human_development_index":0.717},{"continent":"Africa","location":"Mali","population":20250834,"population_density":15.196,"median_age":16.4,"aged_65_older":2.519,"aged_70_older":1.486,"gdp_per_capita":2014.306,"cardiovasc_death_rate":268.024,"diabetes_prevalence":2.42,"female_smokers":1.6,"male_smokers":23,"handwashing_facilities":52.232,"hospital_beds_per_thousand":0.1,"life_expectancy":59.31,"human_development_index":0.427},{"continent":"Europe","location":"Malta","population":441539,"population_density":1454.037,"median_age":42.4,"aged_65_older":19.426,"aged_70_older":11.324,"gdp_per_capita":36513.323,"extreme_poverty":0.2,"cardiovasc_death_rate":168.711,"diabetes_prevalence":8.83,"female_smokers":20.9,"male_smokers":30.2,"hospital_beds_per_thousand":4.485,"life_expectancy":82.53,"human_development_index":0.878},{"continent":"Oceania","location":"Marshall Islands","population":59194,"population_density":295.15,"gdp_per_capita":3819.202,"cardiovasc_death_rate":557.793,"diabetes_prevalence":30.53,"handwashing_facilities":82.502,"hospital_beds_per_thousand":2.7,"life_expectancy":73.7,"human_development_index":0.708},{"continent":"Africa","location":"Mauritania","population":4649660,"population_density":4.289,"median_age":20.3,"aged_65_older":3.138,"aged_70_older":1.792,"gdp_per_capita":3597.633,"extreme_poverty":6,"cardiovasc_death_rate":232.347,"diabetes_prevalence":2.42,"handwashing_facilities":15.95,"life_expectancy":64.92,"human_development_index":0.52},{"continent":"Africa","location":"Mauritius","population":1271767,"population_density":622.962,"median_age":37.4,"aged_65_older":10.945,"aged_70_older":5.884,"gdp_per_capita":20292.745,"extreme_poverty":0.5,"cardiovasc_death_rate":224.644,"diabetes_prevalence":22.02,"female_smokers":3.2,"male_smokers":40.7,"hospital_beds_per_thousand":3.4,"life_expectancy":74.99,"human_development_index":0.79},{"continent":"North America","location":"Mexico","population":128932753,"population_density":66.444,"median_age":29.3,"aged_65_older":6.857,"aged_70_older":4.321,"gdp_per_capita":17336.469,"extreme_poverty":2.5,"cardiovasc_death_rate":152.783,"diabetes_prevalence":13.06,"female_smokers":6.9,"male_smokers":21.4,"handwashing_facilities":87.847,"hospital_beds_per_thousand":1.38,"life_expectancy":75.05,"human_development_index":0.774},{"continent":"Oceania","location":"Micronesia (country)","population":115021,"population_density":150.777,"median_age":23,"aged_65_older":4.81,"aged_70_older":2.392,"gdp_per_capita":3299.464,"extreme_poverty":16,"cardiovasc_death_rate":454.343,"diabetes_prevalence":12.02,"life_expectancy":67.88,"human_development_index":0.627},{"continent":"Europe","location":"Moldova","population":4033963,"population_density":123.655,"median_age":37.6,"aged_65_older":10.864,"aged_70_older":6.955,"gdp_per_capita":5189.972,"extreme_poverty":0.2,"cardiovasc_death_rate":408.502,"diabetes_prevalence":5.72,"female_smokers":5.9,"male_smokers":44.6,"handwashing_facilities":86.979,"hospital_beds_per_thousand":5.8,"life_expectancy":71.9,"human_development_index":0.7},{"continent":"Europe","location":"Monaco","population":39244,"population_density":19347.5,"diabetes_prevalence":5.46,"hospital_beds_per_thousand":13.8,"life_expectancy":86.75},{"continent":"Asia","location":"Mongolia","population":3278292,"population_density":1.98,"median_age":28.6,"aged_65_older":4.031,"aged_70_older":2.421,"gdp_per_capita":11840.846,"extreme_poverty":0.5,"cardiovasc_death_rate":460.043,"diabetes_prevalence":4.82,"female_smokers":5.5,"male_smokers":46.5,"handwashing_facilities":71.18,"hospital_beds_per_thousand":7,"life_expectancy":69.87,"human_development_index":0.741},{"continent":"Europe","location":"Montenegro","population":628062,"population_density":46.28,"median_age":39.1,"aged_65_older":14.762,"aged_70_older":9.395,"gdp_per_capita":16409.288,"extreme_poverty":1,"cardiovasc_death_rate":387.305,"diabetes_prevalence":10.08,"female_smokers":44,"male_smokers":47.9,"hospital_beds_per_thousand":3.861,"life_expectancy":76.88,"human_development_index":0.814},{"continent":"Africa","location":"Morocco","population":36910558,"population_density":80.08,"median_age":29.6,"aged_65_older":6.769,"aged_70_older":4.209,"gdp_per_capita":7485.013,"extreme_poverty":1,"cardiovasc_death_rate":419.146,"diabetes_prevalence":7.14,"female_smokers":0.8,"male_smokers":47.1,"hospital_beds_per_thousand":1.1,"life_expectancy":76.68,"human_development_index":0.667},{"continent":"Africa","location":"Mozambique","population":31255435,"population_density":37.728,"median_age":17.7,"aged_65_older":3.158,"aged_70_older":1.87,"gdp_per_capita":1136.103,"extreme_poverty":62.9,"cardiovasc_death_rate":329.942,"diabetes_prevalence":3.3,"female_smokers":5.1,"male_smokers":29.1,"handwashing_facilities":12.227,"hospital_beds_per_thousand":0.7,"life_expectancy":60.85,"human_development_index":0.437},{"continent":"Asia","location":"Myanmar","population":54409794,"population_density":81.721,"median_age":29.1,"aged_65_older":5.732,"aged_70_older":3.12,"gdp_per_capita":5591.597,"extreme_poverty":6.4,"cardiovasc_death_rate":202.104,"diabetes_prevalence":4.61,"female_smokers":6.3,"male_smokers":35.2,"handwashing_facilities":79.287,"hospital_beds_per_thousand":0.9,"life_expectancy":67.13,"human_development_index":0.578},{"continent":"Africa","location":"Namibia","population":2540916,"population_density":3.078,"median_age":22,"aged_65_older":3.552,"aged_70_older":2.085,"gdp_per_capita":9541.808,"extreme_poverty":13.4,"cardiovasc_death_rate":243.811,"diabetes_prevalence":3.94,"female_smokers":9.7,"male_smokers":34.2,"handwashing_facilities":44.6,"life_expectancy":63.71,"human_development_index":0.647},{"continent":"Asia","location":"Nepal","population":29136808,"population_density":204.43,"median_age":25,"aged_65_older":5.809,"aged_70_older":3.212,"gdp_per_capita":2442.804,"extreme_poverty":15,"cardiovasc_death_rate":260.797,"diabetes_prevalence":7.26,"female_smokers":9.5,"male_smokers":37.8,"handwashing_facilities":47.782,"hospital_beds_per_thousand":0.3,"life_expectancy":70.78,"human_development_index":0.574},{"continent":"Europe","location":"Netherlands","population":17134873,"population_density":508.544,"median_age":43.2,"aged_65_older":18.779,"aged_70_older":11.881,"gdp_per_capita":48472.545,"cardiovasc_death_rate":109.361,"diabetes_prevalence":5.29,"female_smokers":24.4,"male_smokers":27.3,"hospital_beds_per_thousand":3.32,"life_expectancy":82.28,"human_development_index":0.931},{"continent":"Oceania","location":"New Zealand","population":4822233,"population_density":18.206,"median_age":37.9,"aged_65_older":15.322,"aged_70_older":9.72,"gdp_per_capita":36085.843,"cardiovasc_death_rate":128.797,"diabetes_prevalence":8.08,"female_smokers":14.8,"male_smokers":17.2,"hospital_beds_per_thousand":2.61,"life_expectancy":82.29,"human_development_index":0.917},{"continent":"North America","location":"Nicaragua","population":6624554,"population_density":51.667,"median_age":27.3,"aged_65_older":5.445,"aged_70_older":3.519,"gdp_per_capita":5321.444,"extreme_poverty":3.2,"cardiovasc_death_rate":137.016,"diabetes_prevalence":11.47,"hospital_beds_per_thousand":0.9,"life_expectancy":74.48,"human_development_index":0.658},{"continent":"Africa","location":"Niger","population":24206636,"population_density":16.955,"median_age":15.1,"aged_65_older":2.553,"aged_70_older":1.378,"gdp_per_capita":926,"extreme_poverty":44.5,"cardiovasc_death_rate":238.339,"diabetes_prevalence":2.42,"female_smokers":0.1,"male_smokers":15.4,"handwashing_facilities":8.978,"hospital_beds_per_thousand":0.3,"life_expectancy":62.42,"human_development_index":0.354},{"continent":"Africa","location":"Nigeria","population":206139587,"population_density":209.588,"median_age":18.1,"aged_65_older":2.751,"aged_70_older":1.447,"gdp_per_capita":5338.454,"cardiovasc_death_rate":181.013,"diabetes_prevalence":2.42,"female_smokers":0.6,"male_smokers":10.8,"handwashing_facilities":41.949,"life_expectancy":54.69,"human_development_index":0.532},{"continent":"Europe","location":"North Macedonia","population":2083380,"population_density":82.6,"median_age":39.1,"aged_65_older":13.26,"aged_70_older":8.16,"gdp_per_capita":13111.214,"extreme_poverty":5,"cardiovasc_death_rate":322.688,"diabetes_prevalence":10.08,"hospital_beds_per_thousand":4.28,"life_expectancy":75.8,"human_development_index":0.757},{"continent":"Europe","location":"Norway","population":5421242,"population_density":14.462,"median_age":39.7,"aged_65_older":16.821,"aged_70_older":10.813,"gdp_per_capita":64800.057,"extreme_poverty":0.2,"cardiovasc_death_rate":114.316,"diabetes_prevalence":5.31,"female_smokers":19.6,"male_smokers":20.7,"hospital_beds_per_thousand":3.6,"life_expectancy":82.4,"human_development_index":0.953},{"continent":"Asia","location":"Oman","population":5106622,"population_density":14.98,"median_age":30.7,"aged_65_older":2.355,"aged_70_older":1.53,"gdp_per_capita":37960.709,"cardiovasc_death_rate":266.342,"diabetes_prevalence":12.61,"female_smokers":0.5,"male_smokers":15.6,"handwashing_facilities":97.4,"hospital_beds_per_thousand":1.6,"life_expectancy":77.86,"human_development_index":0.821},{"continent":"Asia","location":"Pakistan","population":220892331,"population_density":255.573,"median_age":23.5,"aged_65_older":4.495,"aged_70_older":2.78,"gdp_per_capita":5034.708,"extreme_poverty":4,"cardiovasc_death_rate":423.031,"diabetes_prevalence":8.35,"female_smokers":2.8,"male_smokers":36.7,"handwashing_facilities":59.607,"hospital_beds_per_thousand":0.6,"life_expectancy":67.27,"human_development_index":0.562},{"continent":"Asia","location":"Palestine","population":5101416,"population_density":778.202,"median_age":20.4,"aged_65_older":3.043,"aged_70_older":1.726,"gdp_per_capita":4449.898,"extreme_poverty":1,"cardiovasc_death_rate":265.91,"diabetes_prevalence":10.59,"life_expectancy":74.05,"human_development_index":0.686},{"continent":"North America","location":"Panama","population":4314768,"population_density":55.133,"median_age":29.7,"aged_65_older":7.918,"aged_70_older":5.03,"gdp_per_capita":22267.037,"extreme_poverty":2.2,"cardiovasc_death_rate":128.346,"diabetes_prevalence":8.33,"female_smokers":2.4,"male_smokers":9.9,"hospital_beds_per_thousand":2.3,"life_expectancy":78.51,"human_development_index":0.789},{"continent":"Oceania","location":"Papua New Guinea","population":8947027,"population_density":18.22,"median_age":22.6,"aged_65_older":3.808,"aged_70_older":2.142,"gdp_per_capita":3823.194,"cardiovasc_death_rate":561.494,"diabetes_prevalence":17.65,"female_smokers":23.5,"male_smokers":48.8,"life_expectancy":64.5,"human_development_index":0.544},{"continent":"South America","location":"Paraguay","population":7132530,"population_density":17.144,"median_age":26.5,"aged_65_older":6.378,"aged_70_older":3.833,"gdp_per_capita":8827.01,"extreme_poverty":1.7,"cardiovasc_death_rate":199.128,"diabetes_prevalence":8.27,"female_smokers":5,"male_smokers":21.6,"handwashing_facilities":79.602,"hospital_beds_per_thousand":1.3,"life_expectancy":74.25,"human_development_index":0.702},{"continent":"South America","location":"Peru","population":32971846,"population_density":25.129,"median_age":29.1,"aged_65_older":7.151,"aged_70_older":4.455,"gdp_per_capita":12236.706,"extreme_poverty":3.5,"cardiovasc_death_rate":85.755,"diabetes_prevalence":5.95,"female_smokers":4.8,"hospital_beds_per_thousand":1.6,"life_expectancy":76.74,"human_development_index":0.75},{"continent":"Asia","location":"Philippines","population":109581085,"population_density":351.873,"median_age":25.2,"aged_65_older":4.803,"aged_70_older":2.661,"gdp_per_capita":7599.188,"cardiovasc_death_rate":370.437,"diabetes_prevalence":7.07,"female_smokers":7.8,"male_smokers":40.8,"handwashing_facilities":78.463,"hospital_beds_per_thousand":1,"life_expectancy":71.23,"human_development_index":0.699},{"continent":"Europe","location":"Poland","population":37846605,"population_density":124.027,"median_age":41.8,"aged_65_older":16.763,"aged_70_older":10.202,"gdp_per_capita":27216.445,"cardiovasc_death_rate":227.331,"diabetes_prevalence":5.91,"female_smokers":23.3,"male_smokers":33.1,"hospital_beds_per_thousand":6.62,"life_expectancy":78.73,"human_development_index":0.865},{"continent":"Europe","location":"Portugal","population":10196707,"population_density":112.371,"median_age":46.2,"aged_65_older":21.502,"aged_70_older":14.924,"gdp_per_capita":27936.896,"extreme_poverty":0.5,"cardiovasc_death_rate":127.842,"diabetes_prevalence":9.85,"female_smokers":16.3,"male_smokers":30,"hospital_beds_per_thousand":3.39,"life_expectancy":82.05,"human_development_index":0.847},{"continent":"Asia","location":"Qatar","population":2881060,"population_density":227.322,"median_age":31.9,"aged_65_older":1.307,"aged_70_older":0.617,"gdp_per_capita":116935.6,"cardiovasc_death_rate":176.69,"diabetes_prevalence":16.52,"female_smokers":0.8,"male_smokers":26.9,"hospital_beds_per_thousand":1.2,"life_expectancy":80.23,"human_development_index":0.856},{"continent":"Europe","location":"Romania","population":19237682,"population_density":85.129,"median_age":43,"aged_65_older":17.85,"aged_70_older":11.69,"gdp_per_capita":23313.199,"extreme_poverty":5.7,"cardiovasc_death_rate":370.946,"diabetes_prevalence":9.74,"female_smokers":22.9,"male_smokers":37.1,"hospital_beds_per_thousand":6.892,"life_expectancy":76.05,"human_development_index":0.811},{"continent":"Europe","location":"Russia","population":145934460,"population_density":8.823,"median_age":39.6,"aged_65_older":14.178,"aged_70_older":9.393,"gdp_per_capita":24765.954,"extreme_poverty":0.1,"cardiovasc_death_rate":431.297,"diabetes_prevalence":6.18,"female_smokers":23.4,"male_smokers":58.3,"hospital_beds_per_thousand":8.05,"life_expectancy":72.58,"human_development_index":0.816},{"continent":"Africa","location":"Rwanda","population":12952209,"population_density":494.869,"median_age":20.3,"aged_65_older":2.974,"aged_70_older":1.642,"gdp_per_capita":1854.211,"extreme_poverty":56,"cardiovasc_death_rate":191.375,"diabetes_prevalence":4.28,"female_smokers":4.7,"male_smokers":21,"handwashing_facilities":4.617,"life_expectancy":69.02,"human_development_index":0.524},{"continent":"North America","location":"Saint Kitts and Nevis","population":53192,"population_density":212.865,"gdp_per_capita":24654.385,"diabetes_prevalence":12.84,"hospital_beds_per_thousand":2.3,"life_expectancy":76.23,"human_development_index":0.778},{"continent":"North America","location":"Saint Lucia","population":183629,"population_density":293.187,"median_age":34.9,"aged_65_older":9.721,"aged_70_older":6.405,"gdp_per_capita":12951.839,"cardiovasc_death_rate":204.62,"diabetes_prevalence":11.62,"handwashing_facilities":87.202,"hospital_beds_per_thousand":1.3,"life_expectancy":76.2,"human_development_index":0.747},{"continent":"North America","location":"Saint Vincent and the Grenadines","population":110947,"population_density":281.787,"median_age":31.8,"aged_65_older":7.724,"aged_70_older":4.832,"gdp_per_capita":10727.146,"cardiovasc_death_rate":252.675,"diabetes_prevalence":11.62,"hospital_beds_per_thousand":2.6,"life_expectancy":72.53,"human_development_index":0.723},{"continent":"Oceania","location":"Samoa","population":198410,"population_density":69.413,"median_age":22,"aged_65_older":5.606,"aged_70_older":3.564,"gdp_per_capita":6021.557,"cardiovasc_death_rate":348.977,"diabetes_prevalence":9.21,"female_smokers":16.7,"male_smokers":38.1,"life_expectancy":73.32,"human_development_index":0.713},{"continent":"Europe","location":"San Marino","population":33938,"population_density":556.667,"gdp_per_capita":56861.47,"diabetes_prevalence":5.64,"hospital_beds_per_thousand":3.8,"life_expectancy":84.97},{"continent":"Africa","location":"Sao Tome and Principe","population":219161,"population_density":212.841,"median_age":18.7,"aged_65_older":2.886,"aged_70_older":2.162,"gdp_per_capita":3052.714,"extreme_poverty":32.3,"cardiovasc_death_rate":270.113,"diabetes_prevalence":2.42,"handwashing_facilities":41.34,"hospital_beds_per_thousand":2.9,"life_expectancy":70.39,"human_development_index":0.589},{"continent":"Asia","location":"Saudi Arabia","population":34813867,"population_density":15.322,"median_age":31.9,"aged_65_older":3.295,"aged_70_older":1.845,"gdp_per_capita":49045.411,"cardiovasc_death_rate":259.538,"diabetes_prevalence":17.72,"female_smokers":1.8,"male_smokers":25.4,"hospital_beds_per_thousand":2.7,"life_expectancy":75.13,"human_development_index":0.853},{"continent":"Africa","location":"Senegal","population":16743930,"population_density":82.328,"median_age":18.7,"aged_65_older":3.008,"aged_70_older":1.796,"gdp_per_capita":2470.58,"extreme_poverty":38,"cardiovasc_death_rate":241.219,"diabetes_prevalence":2.42,"female_smokers":0.4,"male_smokers":16.6,"handwashing_facilities":20.859,"life_expectancy":67.94,"human_development_index":0.505},{"continent":"Europe","location":"Serbia","population":6804596,"population_density":80.291,"median_age":41.2,"aged_65_older":17.366,"gdp_per_capita":14048.881,"cardiovasc_death_rate":439.415,"diabetes_prevalence":10.08,"female_smokers":37.7,"male_smokers":40.2,"handwashing_facilities":97.719,"hospital_beds_per_thousand":5.609,"life_expectancy":76,"human_development_index":0.787},{"continent":"Africa","location":"Seychelles","population":98340,"population_density":208.354,"median_age":36.2,"aged_65_older":8.606,"aged_70_older":5.586,"gdp_per_capita":26382.287,"extreme_poverty":1.1,"cardiovasc_death_rate":242.648,"diabetes_prevalence":10.55,"female_smokers":7.1,"male_smokers":35.7,"hospital_beds_per_thousand":3.6,"life_expectancy":73.4,"human_development_index":0.797},{"continent":"Africa","location":"Sierra Leone","population":7976985,"population_density":104.7,"median_age":19.1,"aged_65_older":2.538,"aged_70_older":1.285,"gdp_per_capita":1390.3,"extreme_poverty":52.2,"cardiovasc_death_rate":325.721,"diabetes_prevalence":2.42,"female_smokers":8.8,"male_smokers":41.3,"handwashing_facilities":19.275,"life_expectancy":54.7,"human_development_index":0.419},{"continent":"Asia","location":"Singapore","population":5850343,"population_density":7915.731,"median_age":42.4,"aged_65_older":12.922,"aged_70_older":7.049,"gdp_per_capita":85535.383,"cardiovasc_death_rate":92.243,"diabetes_prevalence":10.99,"female_smokers":5.2,"male_smokers":28.3,"hospital_beds_per_thousand":2.4,"life_expectancy":83.62,"human_development_index":0.932},{"continent":"Europe","location":"Slovakia","population":5459643,"population_density":113.128,"median_age":41.2,"aged_65_older":15.07,"aged_70_older":9.167,"gdp_per_capita":30155.152,"extreme_poverty":0.7,"cardiovasc_death_rate":287.959,"diabetes_prevalence":7.29,"female_smokers":23.1,"male_smokers":37.7,"hospital_beds_per_thousand":5.82,"life_expectancy":77.54,"human_development_index":0.855},{"continent":"Europe","location":"Slovenia","population":2078932,"population_density":102.619,"median_age":44.5,"aged_65_older":19.062,"aged_70_older":12.93,"gdp_per_capita":31400.84,"cardiovasc_death_rate":153.493,"diabetes_prevalence":7.25,"female_smokers":20.1,"male_smokers":25,"hospital_beds_per_thousand":4.5,"life_expectancy":81.32,"human_development_index":0.896},{"continent":"Oceania","location":"Solomon Islands","population":686878,"population_density":21.841,"median_age":20.8,"aged_65_older":3.507,"aged_70_older":2.043,"gdp_per_capita":2205.923,"extreme_poverty":25.1,"cardiovasc_death_rate":459.78,"diabetes_prevalence":18.68,"handwashing_facilities":35.89,"hospital_beds_per_thousand":1.4,"life_expectancy":73,"human_development_index":0.546},{"continent":"Africa","location":"Somalia","population":15893219,"population_density":23.5,"median_age":16.8,"aged_65_older":2.731,"aged_70_older":1.496,"cardiovasc_death_rate":365.769,"diabetes_prevalence":6.05,"handwashing_facilities":9.831,"hospital_beds_per_thousand":0.9,"life_expectancy":57.4},{"continent":"Africa","location":"South Africa","population":59308690,"population_density":46.754,"median_age":27.3,"aged_65_older":5.344,"aged_70_older":3.053,"gdp_per_capita":12294.876,"extreme_poverty":18.9,"cardiovasc_death_rate":200.38,"diabetes_prevalence":5.52,"female_smokers":8.1,"male_smokers":33.2,"handwashing_facilities":43.993,"hospital_beds_per_thousand":2.32,"life_expectancy":64.13,"human_development_index":0.699},{"continent":"Asia","location":"South Korea","population":51269183,"population_density":527.967,"median_age":43.4,"aged_65_older":13.914,"aged_70_older":8.622,"gdp_per_capita":35938.374,"extreme_poverty":0.2,"cardiovasc_death_rate":85.998,"diabetes_prevalence":6.8,"female_smokers":6.2,"male_smokers":40.9,"hospital_beds_per_thousand":12.27,"life_expectancy":83.03,"human_development_index":0.903},{"continent":"Africa","location":"South Sudan","population":11193729,"median_age":19.2,"aged_65_older":3.441,"aged_70_older":2.032,"gdp_per_capita":1569.888,"cardiovasc_death_rate":280.775,"diabetes_prevalence":10.43,"life_expectancy":57.85,"human_development_index":0.388},{"continent":"Europe","location":"Spain","population":46754783,"population_density":93.105,"median_age":45.5,"aged_65_older":19.436,"aged_70_older":13.799,"gdp_per_capita":34272.36,"extreme_poverty":1,"cardiovasc_death_rate":99.403,"diabetes_prevalence":7.17,"female_smokers":27.4,"male_smokers":31.4,"hospital_beds_per_thousand":2.97,"life_expectancy":83.56,"human_development_index":0.891},{"continent":"Asia","location":"Sri Lanka","population":21413250,"population_density":341.955,"median_age":34.1,"aged_65_older":10.069,"aged_70_older":5.331,"gdp_per_capita":11669.077,"extreme_poverty":0.7,"cardiovasc_death_rate":197.093,"diabetes_prevalence":10.68,"female_smokers":0.3,"male_smokers":27,"hospital_beds_per_thousand":3.6,"life_expectancy":76.98,"human_development_index":0.77},{"continent":"Africa","location":"Sudan","population":43849269,"population_density":23.258,"median_age":19.7,"aged_65_older":3.548,"aged_70_older":2.034,"gdp_per_capita":4466.507,"cardiovasc_death_rate":431.388,"diabetes_prevalence":15.67,"handwashing_facilities":23.437,"hospital_beds_per_thousand":0.8,"life_expectancy":65.31,"human_development_index":0.502},{"continent":"South America","location":"Suriname","population":586634,"population_density":3.612,"median_age":29.6,"aged_65_older":6.933,"aged_70_older":4.229,"gdp_per_capita":13767.119,"cardiovasc_death_rate":258.314,"diabetes_prevalence":12.54,"female_smokers":7.4,"male_smokers":42.9,"handwashing_facilities":67.779,"hospital_beds_per_thousand":3.1,"life_expectancy":71.68,"human_development_index":0.72},{"continent":"Europe","location":"Sweden","population":10099270,"population_density":24.718,"median_age":41,"aged_65_older":19.985,"aged_70_older":13.433,"gdp_per_capita":46949.283,"extreme_poverty":0.5,"cardiovasc_death_rate":133.982,"diabetes_prevalence":4.79,"female_smokers":18.8,"male_smokers":18.9,"hospital_beds_per_thousand":2.22,"life_expectancy":82.8,"human_development_index":0.933},{"continent":"Europe","location":"Switzerland","population":8654618,"population_density":214.243,"median_age":43.1,"aged_65_older":18.436,"aged_70_older":12.644,"gdp_per_capita":57410.166,"cardiovasc_death_rate":99.739,"diabetes_prevalence":5.59,"female_smokers":22.6,"male_smokers":28.9,"hospital_beds_per_thousand":4.53,"life_expectancy":83.78,"human_development_index":0.944},{"continent":"Asia","location":"Syria","population":17500657,"median_age":21.7,"aged_70_older":2.577,"cardiovasc_death_rate":376.264,"handwashing_facilities":70.598,"hospital_beds_per_thousand":1.5,"life_expectancy":72.7,"human_development_index":0.536},{"continent":"Asia","location":"Taiwan","population":23816775,"median_age":42.2,"aged_70_older":8.353,"cardiovasc_death_rate":103.957,"life_expectancy":80.46},{"continent":"Asia","location":"Tajikistan","population":9537642,"population_density":64.281,"median_age":23.3,"aged_65_older":3.466,"aged_70_older":2.155,"gdp_per_capita":2896.913,"extreme_poverty":4.8,"cardiovasc_death_rate":427.698,"diabetes_prevalence":7.11,"handwashing_facilities":72.704,"hospital_beds_per_thousand":4.8,"life_expectancy":71.1,"human_development_index":0.65},{"continent":"Africa","location":"Tanzania","population":59734213,"population_density":64.699,"median_age":17.7,"aged_65_older":3.108,"aged_70_older":1.874,"gdp_per_capita":2683.304,"extreme_poverty":49.1,"cardiovasc_death_rate":217.288,"diabetes_prevalence":5.75,"female_smokers":3.3,"male_smokers":26.7,"handwashing_facilities":47.953,"hospital_beds_per_thousand":0.7,"life_expectancy":65.46,"human_development_index":0.538},{"continent":"Asia","location":"Thailand","population":69799978,"population_density":135.132,"median_age":40.1,"aged_65_older":11.373,"aged_70_older":6.89,"gdp_per_capita":16277.671,"extreme_poverty":0.1,"cardiovasc_death_rate":109.861,"diabetes_prevalence":7.04,"female_smokers":1.9,"male_smokers":38.8,"handwashing_facilities":90.67,"hospital_beds_per_thousand":2.1,"life_expectancy":77.15,"human_development_index":0.755},{"continent":"Asia","location":"Timor","population":1318442,"population_density":87.176,"median_age":18,"aged_65_older":3.556,"aged_70_older":1.897,"gdp_per_capita":6570.102,"extreme_poverty":30.3,"cardiovasc_death_rate":335.346,"diabetes_prevalence":6.86,"female_smokers":6.3,"male_smokers":78.1,"handwashing_facilities":28.178,"hospital_beds_per_thousand":5.9,"life_expectancy":69.5,"human_development_index":0.625},{"continent":"Africa","location":"Togo","population":8278737,"population_density":143.366,"median_age":19.4,"aged_65_older":2.839,"aged_70_older":1.525,"gdp_per_capita":1429.813,"extreme_poverty":49.2,"cardiovasc_death_rate":280.033,"diabetes_prevalence":6.15,"female_smokers":0.9,"male_smokers":14.2,"handwashing_facilities":10.475,"hospital_beds_per_thousand":0.7,"life_expectancy":61.04,"human_development_index":0.503},{"continent":"North America","location":"Trinidad and Tobago","population":1399491,"population_density":266.886,"median_age":36.2,"aged_65_older":10.014,"aged_70_older":5.819,"gdp_per_capita":28763.071,"cardiovasc_death_rate":228.467,"diabetes_prevalence":10.97,"handwashing_facilities":89.443,"hospital_beds_per_thousand":3,"life_expectancy":73.51,"human_development_index":0.784},{"continent":"Africa","location":"Tunisia","population":11818618,"population_density":74.228,"median_age":32.7,"aged_65_older":8.001,"aged_70_older":5.075,"gdp_per_capita":10849.297,"extreme_poverty":2,"cardiovasc_death_rate":318.991,"diabetes_prevalence":8.52,"female_smokers":1.1,"male_smokers":65.8,"handwashing_facilities":78.687,"hospital_beds_per_thousand":2.3,"life_expectancy":76.7,"human_development_index":0.735},{"continent":"Asia","location":"Turkey","population":84339067,"population_density":104.914,"median_age":31.6,"aged_65_older":8.153,"aged_70_older":5.061,"gdp_per_capita":25129.341,"extreme_poverty":0.2,"cardiovasc_death_rate":171.285,"diabetes_prevalence":12.13,"female_smokers":14.1,"male_smokers":41.1,"hospital_beds_per_thousand":2.81,"life_expectancy":77.69,"human_development_index":0.791},{"continent":"Africa","location":"Uganda","population":45741000,"population_density":213.759,"median_age":16.4,"aged_65_older":2.168,"aged_70_older":1.308,"gdp_per_capita":1697.707,"extreme_poverty":41.6,"cardiovasc_death_rate":213.333,"diabetes_prevalence":2.5,"female_smokers":3.4,"male_smokers":16.7,"handwashing_facilities":21.222,"hospital_beds_per_thousand":0.5,"life_expectancy":63.37,"human_development_index":0.516},{"continent":"Europe","location":"Ukraine","population":43733759,"population_density":77.39,"median_age":41.4,"aged_65_older":16.462,"aged_70_older":11.133,"gdp_per_capita":7894.393,"extreme_poverty":0.1,"cardiovasc_death_rate":539.849,"diabetes_prevalence":7.11,"female_smokers":13.5,"male_smokers":47.4,"hospital_beds_per_thousand":8.8,"life_expectancy":72.06,"human_development_index":0.751},{"continent":"Asia","location":"United Arab Emirates","population":9890400,"population_density":112.442,"median_age":34,"aged_65_older":1.144,"aged_70_older":0.526,"gdp_per_capita":67293.483,"cardiovasc_death_rate":317.84,"diabetes_prevalence":17.26,"female_smokers":1.2,"male_smokers":37.4,"hospital_beds_per_thousand":1.2,"life_expectancy":77.97,"human_development_index":0.863},{"continent":"Europe","location":"United Kingdom","population":67886004,"population_density":272.898,"median_age":40.8,"aged_65_older":18.517,"aged_70_older":12.527,"gdp_per_capita":39753.244,"extreme_poverty":0.2,"cardiovasc_death_rate":122.137,"diabetes_prevalence":4.28,"female_smokers":20,"male_smokers":24.7,"hospital_beds_per_thousand":2.54,"life_expectancy":81.32,"human_development_index":0.922},{"continent":"North America","location":"United States","population":331002647,"population_density":35.608,"median_age":38.3,"aged_65_older":15.413,"aged_70_older":9.732,"gdp_per_capita":54225.446,"extreme_poverty":1.2,"cardiovasc_death_rate":151.089,"diabetes_prevalence":10.79,"female_smokers":19.1,"male_smokers":24.6,"hospital_beds_per_thousand":2.77,"life_expectancy":78.86,"human_development_index":0.924},{"continent":"South America","location":"Uruguay","population":3473727,"population_density":19.751,"median_age":35.6,"aged_65_older":14.655,"aged_70_older":10.361,"gdp_per_capita":20551.409,"extreme_poverty":0.1,"cardiovasc_death_rate":160.708,"diabetes_prevalence":6.93,"female_smokers":14,"male_smokers":19.9,"hospital_beds_per_thousand":2.8,"life_expectancy":77.91,"human_development_index":0.804},{"continent":"Asia","location":"Uzbekistan","population":33469199,"population_density":76.134,"median_age":28.2,"aged_65_older":4.469,"aged_70_older":2.873,"gdp_per_capita":6253.104,"cardiovasc_death_rate":724.417,"diabetes_prevalence":7.57,"female_smokers":1.3,"male_smokers":24.7,"hospital_beds_per_thousand":4,"life_expectancy":71.72,"human_development_index":0.71},{"continent":"Oceania","location":"Vanuatu","population":307150,"population_density":22.662,"median_age":23.1,"aged_65_older":4.394,"aged_70_older":2.62,"gdp_per_capita":2921.909,"extreme_poverty":13.2,"cardiovasc_death_rate":546.3,"diabetes_prevalence":12.02,"female_smokers":2.8,"male_smokers":34.5,"handwashing_facilities":25.209,"life_expectancy":70.47,"human_development_index":0.603},{"continent":"Europe","location":"Vatican","population":809,"life_expectancy":75.12},{"continent":"South America","location":"Venezuela","population":28435943,"population_density":36.253,"median_age":29,"aged_65_older":6.614,"aged_70_older":3.915,"gdp_per_capita":16745.022,"cardiovasc_death_rate":204.85,"diabetes_prevalence":6.47,"hospital_beds_per_thousand":0.8,"life_expectancy":72.06,"human_development_index":0.761},{"continent":"Asia","location":"Vietnam","population":97338583,"population_density":308.127,"median_age":32.6,"aged_65_older":7.15,"aged_70_older":4.718,"gdp_per_capita":6171.884,"extreme_poverty":2,"cardiovasc_death_rate":245.465,"diabetes_prevalence":6,"female_smokers":1,"male_smokers":45.9,"handwashing_facilities":85.847,"hospital_beds_per_thousand":2.6,"life_expectancy":75.4,"human_development_index":0.694},{"location":"World","population":7794798729,"population_density":58.045,"median_age":30.9,"aged_65_older":8.696,"aged_70_older":5.355,"gdp_per_capita":15469.207,"extreme_poverty":10,"cardiovasc_death_rate":233.07,"diabetes_prevalence":8.51,"female_smokers":6.434,"male_smokers":34.635,"handwashing_facilities":60.13,"hospital_beds_per_thousand":2.705,"life_expectancy":72.58},{"continent":"Asia","location":"Yemen","population":29825968,"population_density":53.508,"median_age":20.3,"aged_65_older":2.922,"aged_70_older":1.583,"gdp_per_capita":1479.147,"extreme_poverty":18.8,"cardiovasc_death_rate":495.003,"diabetes_prevalence":5.35,"female_smokers":7.6,"male_smokers":29.2,"handwashing_facilities":49.542,"hospital_beds_per_thousand":0.7,"life_expectancy":66.12,"human_development_index":0.452},{"continent":"Africa","location":"Zambia","population":18383956,"population_density":22.995,"median_age":17.7,"aged_65_older":2.48,"aged_70_older":1.542,"gdp_per_capita":3689.251,"extreme_poverty":57.5,"cardiovasc_death_rate":234.499,"diabetes_prevalence":3.94,"female_smokers":3.1,"male_smokers":24.7,"handwashing_facilities":13.938,"hospital_beds_per_thousand":2,"life_expectancy":63.89,"human_development_index":0.588},{"continent":"Africa","location":"Zimbabwe","population":14862927,"population_density":42.729,"median_age":19.6,"aged_65_older":2.822,"aged_70_older":1.882,"gdp_per_capita":1899.775,"extreme_poverty":21.4,"cardiovasc_death_rate":307.846,"diabetes_prevalence":1.82,"female_smokers":1.6,"male_smokers":30.7,"handwashing_facilities":36.791,"hospital_beds_per_thousand":1.7,"life_expectancy":61.49,"human_development_index":0.535}]